date,mean_mm,max_mm,nino12_anom,phase
1983-01-16,40.147,118.95,2.357,super_el_nino
1983-01-25,61.19,138.1,2.229,super_el_nino
1983-02-05,64.756,122.94,2.1,super_el_nino
1983-02-19,40.793,138.21,1.286,regular_el_nino
1983-03-10,51.372,102.99,1.9,regular_el_nino
1983-03-23,41.437,113.56,2.2,super_el_nino
1983-03-24,44.235,142.88,2.171,super_el_nino
1983-03-25,63.862,162.31,2.143,super_el_nino
1987-01-08,53.527,119.14,0.757,regular_el_nino
1987-02-07,54.59,110.7,0.643,regular_el_nino
1987-02-12,50.568,99.47,0.714,regular_el_nino
1987-02-14,41.178,71.05,0.743,regular_el_nino
1987-02-17,43.923,90.74,0.786,regular_el_nino
1987-03-01,44.227,134.35,0.757,regular_el_nino
1987-03-05,50.046,101.69,0.857,regular_el_nino
1987-03-25,49.192,111.27,1.0,regular_el_nino
1992-03-13,38.648,120.07,0.786,regular_el_nino
1992-03-20,48.564,147.9,1.114,regular_el_nino
1992-03-22,40.67,92.57,1.229,regular_el_nino
1992-03-25,52.025,96.18,1.4,regular_el_nino
1993-04-02,40.014,90.35,0.771,regular_el_nino
1995-02-06,133.996,238.0,0.5,regular_el_nino
1998-01-16,43.239,109.53,2.886,super_el_nino
1998-01-30,49.496,126.08,2.4,super_el_nino
1998-02-02,79.646,185.21,2.4,super_el_nino
1998-02-04,52.519,105.07,2.4,super_el_nino
1998-02-06,65.078,137.93,2.314,super_el_nino
1998-02-07,74.247,140.41,2.271,super_el_nino
1998-02-08,55.951,201.38,2.229,super_el_nino
1998-02-09,99.195,221.65,2.186,super_el_nino
1998-02-11,53.784,113.16,2.1,super_el_nino
1998-02-12,65.162,128.87,2.057,super_el_nino
1998-02-14,50.954,103.68,1.971,regular_el_nino
1998-02-18,77.663,168.1,1.8,regular_el_nino
1998-02-22,41.083,141.17,1.8,regular_el_nino
1998-02-24,70.954,156.8,1.8,regular_el_nino
1998-02-25,97.848,223.52,1.8,regular_el_nino
1998-03-04,47.34,91.83,2.1,super_el_nino
1998-03-05,48.115,99.08,2.114,super_el_nino
1998-03-06,57.519,92.81,2.129,super_el_nino
1998-03-14,52.379,185.16,2.157,super_el_nino
1998-03-17,52.772,109.87,2.114,super_el_nino
1998-03-20,73.757,157.27,2.043,super_el_nino
1998-03-23,42.654,104.48,1.957,regular_el_nino
1998-04-06,64.881,154.82,2.614,super_el_nino
1998-04-15,38.89,106.87,2.8,super_el_nino
1998-04-30,38.843,94.85,2.386,super_el_nino
2001-03-18,45.674,78.64,0.671,regular_el_nino
2001-03-19,46.036,131.14,0.814,regular_el_nino
2002-03-10,39.127,95.7,0.714,regular_el_nino
2002-03-27,48.529,105.54,0.8,regular_el_nino
2002-03-30,47.506,106.08,0.757,regular_el_nino
2002-04-07,86.879,205.43,0.929,regular_el_nino
2002-04-08,43.657,181.39,0.986,regular_el_nino
2006-02-14,75.397,382.58,1.029,regular_el_nino
2006-02-18,123.454,404.35,1.157,regular_el_nino
2006-02-21,41.779,433.73,1.114,regular_el_nino
2006-02-23,57.936,377.39,1.043,regular_el_nino
2007-01-18,49.915,286.34,0.571,regular_el_nino
2008-02-24,44.666,141.53,0.686,regular_el_nino
2011-02-15,72.375,145.79,0.514,regular_el_nino
2011-02-17,64.105,177.58,0.514,regular_el_nino
2014-05-10,40.801,180.33,0.671,regular_el_nino
2016-01-25,39.899,392.22,1.0,regular_el_nino
2016-02-24,48.761,156.33,1.0,regular_el_nino
2016-02-25,50.261,140.37,0.986,regular_el_nino
2016-03-05,70.695,141.08,0.943,regular_el_nino
2016-04-01,45.726,167.73,1.286,regular_el_nino
2016-05-10,39.182,75.72,0.686,regular_el_nino
2017-01-02,38.54,184.5,0.5,regular_el_nino
2017-01-09,66.42,260.61,0.714,regular_el_nino
2017-01-20,54.034,241.46,1.243,regular_el_nino
2017-01-31,96.831,350.83,1.429,regular_el_nino
2017-02-10,42.525,95.58,0.9,regular_el_nino
2017-03-06,104.3,221.54,1.857,regular_el_nino
2017-03-07,55.744,182.66,1.829,regular_el_nino
2017-03-08,41.613,164.39,1.8,regular_el_nino
2017-03-09,56.369,209.41,1.871,regular_el_nino
2017-03-10,72.231,243.82,1.943,regular_el_nino
2017-03-12,53.007,169.43,2.086,super_el_nino
2017-03-19,46.22,111.93,2.014,super_el_nino
2017-03-22,49.174,103.6,1.8,regular_el_nino
2017-03-24,53.329,111.17,1.771,regular_el_nino
2017-03-26,41.2,170.46,1.743,regular_el_nino
2017-03-27,63.853,145.99,1.729,regular_el_nino
2017-03-29,124.016,288.25,1.7,regular_el_nino
2017-03-30,56.829,151.66,1.586,regular_el_nino
2017-04-04,58.325,156.12,1.014,regular_el_nino
2017-04-18,47.03,171.72,0.671,regular_el_nino
2017-04-25,40.992,110.8,0.7,regular_el_nino
2017-04-27,46.41,167.73,0.686,regular_el_nino
2019-01-07,108.01,349.0,0.857,regular_el_nino
2019-01-08,47.865,225.13,0.929,regular_el_nino
2019-01-30,135.716,356.67,0.9,regular_el_nino
2019-03-17,43.638,110.51,0.557,regular_el_nino
2023-02-25,62.996,134.2,0.7,regular_el_nino
2023-03-07,38.65,80.43,1.443,regular_el_nino
2023-03-09,47.595,94.66,1.486,regular_el_nino
2023-03-10,43.895,155.67,1.471,regular_el_nino
2023-03-14,50.994,116.38,1.414,regular_el_nino
2023-03-23,73.16,145.76,1.986,regular_el_nino
2023-03-27,41.86,170.87,1.929,regular_el_nino
2023-03-29,41.125,130.58,1.9,regular_el_nino
2023-04-04,86.176,165.81,2.586,super_el_nino
2023-04-06,106.194,244.54,2.7,super_el_nino
2023-04-10,53.307,132.71,2.7,super_el_nino
2023-04-14,40.145,193.81,2.643,super_el_nino
2023-04-16,97.685,240.99,2.586,super_el_nino
2023-04-17,143.77,368.33,2.557,super_el_nino
2023-04-21,43.878,101.63,2.471,super_el_nino
2023-04-23,73.079,222.95,2.443,super_el_nino
2023-04-26,80.64,199.73,2.4,super_el_nino
2023-04-28,83.803,201.0,2.486,super_el_nino
2024-01-11,53.424,151.92,0.886,regular_el_nino
2024-02-02,42.856,209.47,1.057,regular_el_nino
2024-02-09,110.744,231.78,1.171,regular_el_nino
2024-02-19,119.938,373.86,0.814,regular_el_nino
2024-02-20,132.251,257.49,0.757,regular_el_nino
2024-02-21,158.98,379.96,0.7,regular_el_nino
2024-02-29,44.73,208.24,0.914,regular_el_nino
2024-03-01,45.895,99.97,0.929,regular_el_nino
2025-02-14,50.717,147.91,0.929,regular_el_nino
2025-02-16,41.254,269.82,0.957,regular_el_nino
2025-02-20,41.217,227.82,1.014,regular_el_nino
2025-02-26,43.927,99.86,1.1,regular_el_nino
2025-03-30,45.568,119.2,1.257,regular_el_nino
2025-04-02,42.734,76.52,1.3,regular_el_nino
2025-04-08,50.21,123.12,1.214,regular_el_nino
2025-04-10,62.105,142.42,1.114,regular_el_nino
2025-04-11,47.513,134.27,1.029,regular_el_nino
2025-04-13,45.859,136.75,0.857,regular_el_nino
2026-02-18,51.408,108.48,1.1,regular_el_nino
2026-02-24,54.781,84.66,1.014,regular_el_nino
2026-03-01,80.39,150.6,1.0,regular_el_nino
2026-03-03,61.781,131.39,1.0,regular_el_nino
2026-03-10,64.597,111.5,1.343,regular_el_nino
2026-03-12,44.015,107.49,1.4,regular_el_nino
